trend_tag,week_start,count,avg_engagement
'90s pamela anderson,2026-04-06,1,70.0
100% cotton,2026-02-02,1,70.0
1080v15 sneaker,2026-04-06,1,95.0
14oz ironside,2025-09-08,1,70.0
16oz blue bloods,2025-09-08,1,70.0
1906lbn,2026-04-06,1,90.0
1930s dress,2025-08-25,1,70.0
1940s suit,2025-09-22,1,80.0
1960s and 1970s inspired,2026-03-23,1,85.0
1960s coat,2025-04-14,1,95.0
1970s dress,2025-09-29,1,70.0
2000s aesthetic,2025-09-08,1,80.0
21oz denim,2025-10-27,1,80.0
365 pants,2026-04-06,1,85.0
3d blooms,2026-03-30,1,85.0
3d printed shoes,2025-09-15,1,70.0
50s,2025-04-14,1,60.0
6-inch premium gtx ring boot,2026-04-06,1,95.0
70s,2026-04-06,1,70.0
70s-inspired,2026-03-23,1,80.0
9060s,2025-08-11,1,60.0
90s style,2026-03-30,1,80.0
9forty caps,2026-04-06,1,95.0
abc pants,2025-06-30,1,70.0
abercrombie,2026-04-06,1,95.0
accessories,2026-03-23,1,75.0
accessories,2026-04-06,1,80.0
acronym p59a-ds pants,2025-10-06,1,80.0
acs pro,2026-04-06,1,95.0
activewear,2026-03-23,1,80.0
activewear,2026-04-06,2,85.0
adidas,2026-02-02,1,95.0
adidas,2026-04-06,11,84.82
adidas bw army patent,2026-04-06,1,95.0
adidas hellstar superstar ii,2026-04-06,1,95.0
adidas mary-jane samba,2026-04-06,1,95.0
adidas originals,2025-11-10,1,95.0
adidas originals,2026-04-06,1,95.0
adriano goldschmied,2026-04-06,1,95.0
aelfric eden,2025-04-28,1,95.0
af 1s,2026-01-19,1,80.0
african fashion,2026-03-30,1,80.0
ag,2026-04-06,1,75.0
aged leather,2026-04-06,1,85.0
air force 1,2026-04-06,1,95.0
air force 1 low,2026-04-06,1,90.0
"air force 1 low ""denim""",2026-04-06,1,95.0
air jordan 1,2026-04-06,1,95.0
air jordan 5,2024-12-16,1,90.0
air jordan 6 carmine,2026-04-06,1,95.0
air mags,2026-04-06,1,95.0
air max 95,2026-04-06,1,80.0
air max dolce sp,2026-04-06,1,80.0
air yeezy 2’s,2026-03-09,1,95.0
airmax,2026-03-23,1,95.0
"aj1 x vaa ""alaska""",2026-03-09,1,95.0
alaïa,2026-04-06,1,90.0
all black,2025-05-12,1,80.0
all black,2025-08-25,1,80.0
all black,2025-10-27,1,80.0
all black,2026-04-06,1,75.0
all white,2026-04-06,1,75.0
all-black,2026-04-06,1,90.0
all-over print,2026-03-09,1,80.0
allbirds,2026-03-30,2,90.0
alo,2026-03-30,1,95.0
altuzarra,2026-04-06,1,95.0
amaramara,2026-04-06,1,70.0
amber gourmand,2026-04-06,1,80.0
american girl dolls,2026-04-06,1,95.0
animal print,2026-04-06,1,85.0
anta,2026-04-06,1,65.0
anti-'euphoria' glam,2026-04-06,1,80.0
apparel,2026-03-23,1,75.0
apparel,2026-04-06,1,80.0
apparel collection,2026-04-06,1,70.0
argent,2026-03-30,1,90.0
aries,2026-04-06,1,95.0
artifex bridal,2026-04-06,1,85.0
asap rocky,2018-06-04,1,70.0
asap rocky's outfit,2018-06-04,1,80.0
astrid kitten heel,2026-04-06,1,90.0
asymmetrical fits,2025-10-13,1,95.0
athleisure,2026-04-06,1,70.0
ava rover premium,2026-04-06,1,90.0
away jersey,2026-04-06,1,95.0
babyliss,2026-04-06,1,80.0
bag,2017-12-18,1,70.0
bag,2019-04-08,1,60.0
bag,2026-03-02,1,95.0
baggie pants,2025-01-06,1,70.0
baggier clothes,2026-03-09,1,70.0
baggy trousers,2026-03-23,1,70.0
bags,2026-04-06,1,70.0
balenciaga,2026-03-30,2,92.5
bali body,2026-03-30,1,85.0
ballet flats,2026-03-30,1,80.0
ballet flats,2026-04-06,1,70.0
ballet sneakers,2026-04-06,1,80.0
banana dog,2020-02-10,1,80.0
banana fiber / cotton yarn blend,2026-03-09,1,95.0
banana fibre blend,2026-03-16,1,80.0
banana peel,2026-04-06,1,70.0
bandanas,2026-04-06,1,90.0
barbie,2026-04-06,1,70.0
beams,2026-04-06,2,85.0
beanies,2025-08-25,1,70.0
bedroom belle corset,2026-04-06,1,85.0
bedwin & the heartbreakers,2026-04-06,1,85.0
beige,2026-03-30,2,72.5
beige,2026-04-06,1,85.0
beige 2-tone cap,2026-04-06,1,65.0
belt,2019-04-08,1,60.0
bendy ruler belts,2025-09-29,1,70.0
bergdorf goodman,2026-03-30,1,80.0
big silhouette t-shirt,2026-04-06,1,90.0
biker shorts,2026-04-06,1,95.0
birkenstock,2025-06-09,1,95.0
black,2025-09-01,1,70.0
black,2025-10-20,1,60.0
black,2025-11-03,2,95.0
black,2026-03-02,1,80.0
black,2026-04-06,4,82.5
black and pink,2025-04-07,1,95.0
black and white,2026-03-30,1,70.0
black on black,2025-11-03,1,90.0
black outfit,2025-04-14,1,70.0
black serge,2026-01-26,1,70.0
black suede derby shoes,2026-04-06,1,80.0
black-and-white,2026-04-06,1,75.0
blazer,2021-03-01,1,95.0
blazers,2025-09-08,1,70.0
block printing,2026-03-23,1,80.0
blondita,2026-04-06,1,90.0
blouse,2025-04-14,1,80.0
blouse,2025-06-16,1,80.0
blouse,2025-12-01,1,70.0
blue and white fit,2026-04-06,1,95.0
blue bloods,2025-09-08,1,80.0
blush,2026-04-06,1,80.0
boat shoes,2026-04-06,1,95.0
body & hair perfume mists,2026-04-06,1,95.0
body suit,2026-03-02,1,80.0
body-celebrating details,2026-04-06,1,70.0
bodywear,2026-04-06,1,80.0
bold graphics,2026-04-06,1,70.0
bold use of colour,2026-03-23,1,85.0
bomber jacket,2025-11-10,1,80.0
bombers,2026-04-06,1,60.0
bombshell bronze eau de parfum,2026-04-06,1,70.0
bondi sands,2026-03-30,1,90.0
boohoo,2026-04-06,1,95.0
bootcut jeans,2026-04-06,1,80.0
boots,2025-07-07,1,95.0
boots,2025-10-27,1,80.0
boots,2026-03-30,1,95.0
boro,2026-01-12,1,70.0
boro jacket,2025-11-17,1,80.0
bottega veneta,2026-03-30,3,90.0
bows,2026-04-06,1,60.0
boxers,2026-04-06,1,70.0
boxing-inspired,2026-04-06,1,85.0
boxy trucker jackets,2026-04-06,1,80.0
bralettes,2026-03-30,1,95.0
brands,2025-09-08,1,75.0
bras and tops with removable pads,2021-11-15,1,95.0
braun,2026-04-06,1,90.0
brave star,2025-09-08,1,90.0
breathable materials,2025-09-08,1,85.0
bright white,2026-03-30,1,75.0
british fashion council,2026-03-30,1,95.0
british khaki,2026-04-06,1,70.0
brogue-like details,2026-04-06,1,75.0
brogues,2026-04-06,1,80.0
bronson,2025-12-29,1,70.0
brooches,2026-04-06,1,70.0
brown,2026-04-06,2,82.5
brown fits,2025-10-13,1,80.0
brown tones,2025-10-13,1,80.0
brushstroke-inspired stripe,2026-03-23,1,80.0
bts,2026-04-06,1,90.0
bucket hat,2025-09-01,1,80.0
burberry,2026-03-30,1,70.0
business casual shirts,2026-04-06,1,80.0
button up shirts,2026-04-06,1,70.0
buttonless polo shirts,2026-04-06,1,80.0
cafe mocha,2026-03-30,1,75.0
calvin klein,2026-03-02,1,95.0
calvin klein,2026-03-30,3,81.67
calvin klein office attire,2026-03-30,1,85.0
camo,2025-06-23,1,95.0
canadian tuxedo,2026-03-02,1,95.0
cane,2017-05-01,1,80.0
canvas,2026-01-12,1,60.0
canvas lace-up sneaker,2026-03-30,1,85.0
canvas sneakers,2026-04-06,1,80.0
caramelized banana,2026-04-06,1,70.0
cardigan,2025-10-27,1,95.0
cardigans,2026-04-06,1,70.0
cargo pants,2025-04-28,1,70.0
carhartt,2026-01-12,1,80.0
carhartt,2026-04-06,1,70.0
carolyn bessette kennedy style,2026-03-23,1,70.0
cartier,2025-11-10,1,90.0
carven,2026-03-30,1,95.0
cashmere polo sweater,2026-04-06,1,80.0
cashwool,2026-03-30,1,70.0
casual shoes,2026-04-06,1,80.0
casual streetwear,2026-04-06,1,80.0
cat & jack,2026-04-06,1,80.0
cat-eye accents,2026-03-30,1,85.0
cement 4s,2025-08-11,1,95.0
chainmail,2025-04-21,1,80.0
champion,2026-04-06,1,95.0
chanel sunglasses,2026-04-06,1,90.0
checkered shirt,2025-10-13,1,80.0
chelsea boots,2026-04-06,1,95.0
cherry blossom pink,2026-03-09,1,95.0
chewy ps mt sandal,2026-04-06,1,90.0
chic updos,2026-04-06,1,70.0
chile's away jersey,2026-04-06,1,90.0
chinatown,2026-03-02,1,85.0
christian lacroix,2026-03-30,1,70.0
christopher kane,2026-03-23,1,80.0
chuck taylor,2026-03-30,1,95.0
chuck taylors,2026-04-06,1,85.0
chucks,2026-04-06,1,70.0
church's,2025-06-02,1,80.0
clear,2026-03-30,1,70.0
clinch boots,2025-11-10,1,95.0
clogs,2026-04-06,1,80.0
clothes,2026-03-30,1,80.0
clothes,2026-04-06,2,75.0
clrt track jacket,2026-04-06,1,80.0
club penguin shirt,2025-07-07,1,80.0
coach,2026-03-23,2,90.0
coach,2026-04-06,1,95.0
coach bag,2026-04-06,1,90.0
coach brooklyn bag,2026-03-23,1,95.0
coach brooklyn tote,2026-04-06,1,85.0
coaches jacket,2026-04-06,1,60.0
coat,2026-01-19,1,80.0
collab fw25,2025-12-15,1,80.0
collaboration collection,2025-09-29,1,80.0
collegiate green,2026-04-06,1,80.0
columbia,2026-03-30,1,70.0
comfort colors,2026-04-06,1,80.0
comfrt,2026-03-30,1,95.0
comme des garçons,2026-04-06,1,90.0
compax,2026-04-06,1,85.0
confident style,2026-03-30,1,75.0
converse,2025-06-09,1,95.0
converse,2026-03-30,1,80.0
converse,2026-04-06,2,80.0
converse x tyler the creator,2026-04-06,1,80.0
cool girl,2026-04-06,1,70.0
coral reds,2026-03-30,1,80.0
corduroy,2025-08-25,1,70.0
core black,2026-04-06,1,75.0
cornflower blue,2026-04-06,1,70.0
cornflower blue outfit,2026-04-06,1,80.0
cotton,2026-01-12,1,95.0
cotton,2026-03-16,1,70.0
cotton,2026-04-06,1,90.0
cotton pants,2026-03-30,1,80.0
cotton sundress,2025-04-28,1,80.0
cotton-spandex blend,2026-03-30,1,85.0
courrèges,2026-03-30,2,92.5
cow print sneakers,2026-03-23,1,95.0
cowboy fit,2026-03-23,1,70.0
cpo,2025-10-13,1,85.0
craftsmanship,2026-04-06,1,80.0
cream,2026-04-06,1,90.0
cream white,2026-04-06,1,80.0
creamy medium-coverage concealer,2026-03-23,1,80.0
creativity,2026-04-06,1,80.0
creed,2026-03-30,1,95.0
crisp jeans,2026-04-06,1,85.0
croc embossed leather,2026-04-06,1,85.0
croc skin sneakers,2026-04-06,1,90.0
crochet crop top,2026-03-16,1,80.0
crop top,2026-01-12,1,70.0
crop top,2026-03-30,1,80.0
crop tops,2026-04-06,2,75.0
cuban collars,2026-04-06,1,70.0
curved denim,2025-12-08,1,80.0
customized pair,2019-08-19,1,70.0
cut and sew,2026-03-09,1,70.0
céline,2026-03-30,1,75.0
dad shoe,2026-04-06,1,85.0
dark academia,2026-04-06,1,70.0
dark brown,2026-04-06,1,80.0
dark-wash denim,2026-04-06,1,80.0
deep black,2026-04-06,1,70.0
denim,2025-05-26,1,70.0
denim,2025-09-08,1,80.0
denim,2026-03-30,2,75.0
denim,2026-04-06,8,88.12
denim jacket,2025-07-07,1,80.0
denim jacket,2025-12-29,2,80.0
denim jacket,2026-02-09,1,80.0
denim sneaker,2026-04-06,1,95.0
denim soccer shoes,2026-04-06,1,70.0
denim westerner cut/fit,2025-07-28,1,80.0
dewy spf-packed primer,2026-03-23,1,80.0
diamond and pearl earrings,2026-03-30,1,95.0
diamond supply co.,2026-03-16,1,85.0
didi rose jewelry,2026-03-30,1,90.0
diesel,2026-04-06,1,75.0
district vision,2026-04-06,1,90.0
dita stiletto,2026-04-06,1,80.0
dopamine dressing,2026-04-06,1,95.0
dossier,2026-03-30,1,70.0
double black,2026-04-06,1,70.0
double collar trench,2026-03-23,1,80.0
double front workpants,2025-06-02,1,70.0
double front workpants,2025-10-06,1,80.0
double white,2026-04-06,1,70.0
dr. martens,2026-03-02,1,95.0
dr. martens,2026-04-06,1,95.0
dress,2025-10-20,1,70.0
dress,2025-12-01,1,70.0
dress,2026-01-05,1,95.0
dress,2026-01-19,1,70.0
dress boots,2026-04-06,1,85.0
dress shirt taper,2016-08-29,1,80.0
dress socks,2026-04-06,1,80.0
dresses,2026-03-30,1,70.0
dressing like carolyn bessette kennedy,2026-04-06,1,80.0
drop waist,2025-07-07,1,70.0
duffel bag,2025-10-20,1,80.0
duoboots,2026-03-30,1,98.0
dôen,2026-03-23,1,90.0
earrings,2026-01-19,1,80.0
earth tones,2026-04-06,1,75.0
eccentric sunglasses,2026-03-30,1,70.0
ecoalf,2026-04-06,1,95.0
electric blues,2026-03-30,1,80.0
elegance,2026-03-30,1,80.0
elevated basics,2025-06-02,1,80.0
elevated essentials,2026-03-30,1,80.0
elsa schiaparelli,2026-03-30,1,70.0
embroidered jacket,2026-03-09,1,80.0
embroidered linen,2025-04-28,1,60.0
embroidered linen shirts,2025-05-12,1,80.0
embroidery,2025-06-09,1,70.0
emma domb gown,2026-01-19,1,95.0
engagement rings,2026-04-06,1,95.0
entire studios,2026-04-06,2,92.5
estée lauder,2026-04-06,1,95.0
ethereal,2026-04-06,1,75.0
ethical fashion brands,2026-03-30,1,70.0
etro,2026-04-06,1,90.0
etro fabric,2026-04-06,1,80.0
evening pants,2025-10-27,1,80.0
everlane,2026-04-06,1,90.0
fabric paint,2025-06-16,1,90.0
fabrics,2026-03-30,1,70.0
fashion,2026-03-30,1,85.0
fashion trust us,2026-04-06,1,80.0
fast-fashion,2026-03-23,1,75.0
faux cable knit cardigan,2026-03-09,1,70.0
faye sandal,2026-04-06,1,70.0
feather headpieces,2026-04-06,1,70.0
feathers,2026-03-30,1,95.0
feathery layers,2026-04-06,1,60.0
femininity,2026-04-06,1,85.0
femme,2025-10-13,1,70.0
feng chen wang,2026-03-30,1,95.0
fenty beauty,2026-03-30,1,90.0
field jacket,2025-12-22,1,85.0
fine hair-friendly leave-in conditioner,2026-03-23,1,80.0
fish blazer,2020-03-23,1,70.0
fit and flare jeans,2026-04-06,1,80.0
fitbit,2026-03-30,1,80.0
flare pants,2026-03-30,1,80.0
flat shoes,2026-03-30,1,70.0
flat sneakers,2026-04-06,1,70.0
flats,2026-03-30,1,90.0
flattering silhouette,2026-04-06,1,60.0
fleece jacket,2025-10-27,1,95.0
fleur du mal,2026-04-06,1,95.0
flipper floppers,2025-05-05,1,80.0
flips,2026-01-12,1,70.0
floral fruity,2026-04-06,1,80.0
foamposites,2026-03-16,1,95.0
football apparel,2026-04-06,1,70.0
footlocker,2025-09-08,1,95.0
footwear,2026-03-23,1,75.0
footwear,2026-04-06,1,85.0
footwear capsule,2026-04-06,1,70.0
for days clothing line,2026-04-06,1,70.0
forever 21,2026-04-06,1,70.0
forty five ten,2026-03-30,1,95.0
freak's store,2026-04-06,1,90.0
fuchsias,2026-03-30,1,80.0
full-grain leather,2026-04-06,1,85.0
fun-accessories era,2026-03-23,1,85.0
functional clothing,2025-07-14,1,70.0
fur products,2026-03-30,1,95.0
g-unit sneakers,2023-10-02,1,80.0
gap,2026-03-16,1,95.0
gap 1969,2026-04-06,1,75.0
garments,2026-03-23,1,85.0
garments,2026-03-30,1,70.0
gazelle lo pro,2026-04-06,1,95.0
geekwear,2026-04-06,1,70.0
gem,2026-03-30,1,85.0
gem flower nails,2026-03-30,1,95.0
gingham check shirt fabrics,2026-04-06,1,90.0
girlcore,2026-04-06,1,70.0
givenchy,2026-03-30,1,75.0
glam streetwear,2020-08-31,1,95.0
glazed-donut nails,2026-04-06,1,95.0
glossy tinted lip balm,2026-03-23,1,90.0
glowy and fresh-faced,2026-04-06,1,70.0
gold knife edge hoop earrings,2026-03-30,1,95.0
golden,2025-04-14,1,80.0
goldsign,2026-04-06,1,75.0
golf polo,2026-04-06,1,80.0
golf/streetwear,2025-07-07,1,70.0
gore-tex shell layers,2026-04-06,1,80.0
gourmand,2026-04-06,1,80.0
grail pants,2025-12-08,1,95.0
grained leather,2026-04-06,1,75.0
granny sneakers,2026-03-30,1,95.0
graphic t-shirts,2026-04-06,1,80.0
graphic tee,2026-04-06,2,72.5
green,2026-02-02,1,80.0
green,2026-04-06,1,60.0
green clothes,2026-03-23,1,70.0
green dresses,2025-09-08,1,95.0
grey,2025-05-05,1,70.0
grounded,2026-03-30,1,70.0
gucci,2021-11-08,1,95.0
gérald genta minute repeater watch,2026-04-06,1,95.0
h&m,2026-03-23,2,87.5
h&m,2026-03-30,1,80.0
h&m,2026-04-06,2,70.0
h&m studio's autumn/winter 2025 collection,2026-04-06,1,80.0
hailey bieber,2026-04-06,1,85.0
hair clip,2025-08-25,1,80.0
hamcus,2025-12-15,1,95.0
hamcus,2026-02-16,1,70.0
hand embroidery,2026-03-23,1,80.0
hand-knitted,2026-02-16,1,70.0
hand-sewn patchwork hoodie,2023-05-29,1,80.0
handbag,2026-03-23,2,82.5
handloom weaving,2026-03-23,1,80.0
hannah montana,2026-03-23,1,70.0
harajuku streetwear,2026-04-06,1,85.0
hardline jacket,2025-05-12,1,95.0
harem pants,2025-06-23,1,70.0
hartcopy x adidas bw army,2026-04-06,1,80.0
hat,2026-04-06,1,80.0
hats,2026-04-06,1,70.0
hats(shats),2025-07-14,1,70.0
haute couture,2026-04-06,1,85.0
haven well within,2026-03-30,1,90.0
hawaiian shirt,2026-04-06,1,80.0
hazy orange,2026-04-06,1,85.0
heels,2026-02-09,1,70.0
heels,2026-02-16,1,70.0
hellstar,2026-04-06,1,85.0
helmut lang,2026-03-30,1,75.0
high heels,2026-04-06,1,80.0
high waisted skirts,2025-10-27,1,80.0
high-end african fashion,2026-03-30,1,70.0
high-waisted shorts,2026-03-09,1,80.0
highwaisted jeans,2026-04-06,1,70.0
hiku by harper,2026-03-16,1,95.0
hobbit cloak,2026-03-30,1,80.0
hoka,2025-12-29,1,95.0
hoka,2026-03-30,1,80.0
hoka mach remastered sneakers,2026-04-06,1,95.0
hoka shoes,2025-07-21,1,95.0
hoka trainers,2026-03-23,1,70.0
hollywood waves,2026-04-06,1,80.0
homies brand hat,2026-04-06,1,70.0
hoodie,2021-05-03,1,70.0
hoodie,2025-04-07,1,70.0
hospital gown,2019-04-08,1,70.0
hot-pink suit,2026-03-30,1,90.0
houndstooth,2026-01-19,1,95.0
hypebeast,2017-06-05,1,80.0
icy blue,2026-04-06,1,70.0
img models,2026-03-30,1,85.0
indigo,2026-04-06,1,70.0
industrie africa,2026-03-30,1,90.0
iron heart,2025-04-07,1,95.0
iron heart,2025-06-09,1,80.0
iron heart,2025-10-13,1,95.0
iron heart,2025-10-27,1,95.0
iron heart,2025-11-24,1,95.0
iron heart,2026-01-05,1,95.0
iron heart,2026-01-26,1,90.0
iron heart 888 25,2025-11-24,1,90.0
ironed collar,2026-04-06,1,60.0
ironside jacket,2025-09-08,1,80.0
iso black everyday summer sandal,2026-03-30,1,95.0
italian brainrot meme aesthetic,2026-04-06,1,75.0
ivanka brand,2017-01-30,1,95.0
iwearmetal,2026-03-09,1,80.0
j's,2015-06-01,1,80.0
j. crew,2025-06-09,1,90.0
jack archer jetsetter boxer briefs,2026-04-06,1,95.0
jacket,2025-06-23,1,90.0
jacket,2025-11-17,1,80.0
jacket,2025-11-24,1,80.0
jacket,2026-04-06,1,70.0
jacquard knit fabric,2026-04-06,1,90.0
jacquard knit jerseys,2026-04-06,1,95.0
jacquemus,2025-12-08,1,80.0
japan blue,2025-09-15,1,90.0
japanese knitwear,2025-11-17,1,70.0
japanese pattern,2025-04-14,1,70.0
jean style jacket,2026-01-12,1,80.0
jeans,2020-11-16,1,70.0
jeans,2025-04-14,1,95.0
jeans,2025-05-19,1,80.0
jeans,2025-09-08,1,80.0
jeans,2025-10-06,1,85.0
jeans,2025-10-27,2,77.5
jeans,2025-11-24,1,70.0
jeans,2025-12-08,1,80.0
jeans,2026-03-30,1,80.0
jeans,2026-04-06,3,81.67
jelly finishes,2026-03-30,1,85.0
jewelry,2026-03-30,2,92.5
jordan 1 alaskas,2026-04-06,1,95.0
jordan 11 gammas,2025-12-08,1,90.0
jordan 1s,2025-06-30,1,95.0
jordan 1s,2026-04-06,1,95.0
jordan 3 retro,2026-04-06,1,95.0
jordan 5 retro x off-white ‘muslin’,2026-04-06,1,95.0
jordan 6 amm,2026-04-06,1,95.0
jordan 6 bordeaux,2026-04-06,1,95.0
jordan shoes,2026-04-06,1,70.0
jordan sneakers,2017-06-05,1,95.0
jordan's,2025-06-16,1,80.0
jordans,2026-03-02,1,95.0
jorts,2025-07-07,2,87.5
joseph,2026-03-30,1,75.0
journal standard,2026-04-06,1,85.0
julietta,2026-03-30,2,92.5
jumpsuit,2025-10-27,1,95.0
jw anderson,2026-03-30,1,70.0
k-pop fashion,2026-04-06,1,95.0
k18,2026-03-30,1,95.0
kapital,2025-09-29,1,95.0
kapital boro jacket,2025-12-01,1,95.0
kapital nagoya boro jacket,2025-10-27,1,95.0
kaptain sunshine,2026-01-19,1,95.0
kate moss,2026-04-06,1,75.0
kate spade coats,2026-03-30,1,70.0
khakis,2026-03-30,1,80.0
kicks,2017-03-27,1,70.0
kicks,2026-01-26,1,70.0
kicks,2026-03-30,1,80.0
kids clothing,2026-04-06,1,60.0
kidswear,2026-04-06,2,80.0
kimono,2026-03-16,1,95.0
kirkland signature,2025-09-15,1,80.0
knit blouse,2025-11-17,1,80.0
knit sweaters,2025-08-25,1,80.0
kosas,2026-04-06,1,95.0
l'art de l'automobile,2026-04-06,1,90.0
lace slip skirt,2026-04-06,1,95.0
laceless sneaker,2026-04-06,1,90.0
laces,2026-04-06,1,60.0
lacoste,2026-03-30,1,75.0
lanolips,2026-03-30,1,90.0
lanvin group,2026-04-06,1,70.0
lapel pin,2025-11-10,1,95.0
lash extensions,2026-04-06,1,95.0
"lavender-tinted, non-aerosol dry shampoo",2026-03-23,1,80.0
leather,2026-04-06,1,88.0
leather belt,2026-04-06,1,85.0
leather fit,2025-09-01,1,80.0
leather jacket,2026-01-05,1,95.0
leather jacket,2026-04-06,1,80.0
leather sandals,2026-04-06,1,95.0
leather shoes,2026-01-26,1,80.0
leather shorts,2026-04-06,1,70.0
leather sneakers,2026-03-09,1,95.0
lee,2026-04-06,1,70.0
leopard prints,2026-04-06,1,70.0
levi's,2025-06-16,1,80.0
levi's,2026-04-06,3,81.67
levi's lvc mij 507xx type ii jacket,2026-02-23,1,80.0
levi's stf,2025-11-03,1,95.0
levis,2025-10-06,1,95.0
levi’s,2026-04-06,1,70.0
li-ning,2026-04-06,1,75.0
li-ning jimmy butler 4s,2026-04-06,1,85.0
lifestyle dressing,2026-04-06,1,80.0
light armory blue,2026-04-06,1,75.0
light layers,2026-04-06,1,70.0
light shade 3way denim pants,2026-04-06,1,70.0
lightweight knits,2026-04-06,1,75.0
lii,2026-04-06,1,70.0
lili curia,2026-04-06,1,90.0
linen,2025-04-28,1,70.0
linen,2026-03-30,2,80.0
linen,2026-04-06,1,90.0
linen combos,2026-04-06,1,70.0
linen dresses,2026-04-06,1,80.0
linen pants,2026-04-06,2,75.0
linen shorts,2026-03-30,1,95.0
lingerie,2026-04-06,1,60.0
lingerie brands,2026-04-06,1,70.0
lip pulse,2026-04-06,1,85.0
lip service dress,2026-04-06,1,95.0
ll bean tote,2026-03-16,1,80.0
loafer-like sneaker,2026-04-06,1,70.0
loafers,2026-04-06,3,78.33
loewe,2026-03-23,1,85.0
loewe wallet,2026-03-23,1,90.0
long dresses,2026-01-05,1,80.0
long jeans,2025-09-01,1,80.0
long skirt,2026-03-16,1,80.0
look guides,2026-03-30,1,60.0
louboutin,2026-03-23,1,85.0
louboutin boots,2026-03-23,1,95.0
louis vuitton,2025-08-25,1,90.0
louis vuitton,2026-03-30,2,87.5
love story aesthetic,2026-03-30,1,70.0
low rise jeans,2026-01-12,1,80.0
low rise jeans,2026-02-16,1,70.0
low-key,2026-04-06,1,80.0
lucha libre,2026-04-06,1,85.0
lululemon,2026-03-30,1,95.0
luna bronze,2026-03-30,1,95.0
luxury streetwear,2026-04-06,1,95.0
luxury watches,2026-03-30,1,80.0
lvmh,2026-03-30,2,75.0
mac,2026-03-23,1,90.0
mac cosmetics,2026-04-06,1,90.0
mach remastered sneaker,2026-03-30,1,90.0
maison margiela,2026-03-30,1,95.0
mamba collection,2020-01-27,1,80.0
manolo blahnik shoes,2026-04-06,1,90.0
martens-margiela,2026-03-30,1,90.0
mary janes,2026-02-16,1,70.0
mary janes,2026-04-06,1,95.0
mary kate & ashley olson,2025-05-19,1,80.0
matching set,2026-04-06,1,80.0
menswear brands,2026-04-06,1,70.0
metallic silver,2026-04-06,1,75.0
mgk's brand,2025-12-08,1,80.0
michael jordan,2026-04-06,1,85.0
michael kors,2025-12-01,1,80.0
midi skirt,2026-04-06,1,70.0
military jacket,2026-04-06,1,95.0
military rain capes,2018-02-19,1,70.0
milky glass nails,2026-04-06,1,95.0
millineal dad sneaker,2026-01-26,1,80.0
mini skirt,2026-04-06,1,70.0
minimalist,2026-03-30,1,75.0
minimalist '90s style,2026-03-30,1,90.0
minimalist sneakers,2026-04-06,1,95.0
mocha’s,2026-03-30,1,90.0
modern,2026-03-30,1,85.0
modern flagship silhouettes,2026-04-06,1,70.0
modern heirlooms,2026-03-30,1,80.0
modern style,2026-04-06,1,80.0
mohair,2026-03-30,1,90.0
mom jeans,2026-03-30,1,80.0
momotaro type ii jacket,2026-02-16,1,95.0
momotaros,2025-09-01,1,70.0
monochromatic minimalism,2026-04-06,1,70.0
monochrome,2026-04-06,1,90.0
monochromes,2026-04-06,1,80.0
mood boards,2026-03-30,1,60.0
moons,2025-12-22,1,95.0
moonstar low-tops,2026-04-06,1,70.0
moose knuckles,2025-12-15,1,95.0
moroccan-inspired jacket,2026-03-30,1,80.0
mowalola,2026-04-06,1,90.0
mugler,2026-04-06,3,85.0
mulberry,2026-03-23,1,95.0
mulberry silk,2026-04-06,1,70.0
multi-brand stores,2026-03-30,1,85.0
multicolor,2026-04-06,2,80.0
musk,2026-04-06,1,85.0
n3b parka,2026-04-06,1,95.0
nahmias,2026-04-06,1,95.0
nail art,2026-03-30,1,95.0
naked & famous,2025-06-02,1,95.0
naked & famous,2026-02-02,1,95.0
naked and famous,2026-03-02,1,95.0
nanamica,2025-10-27,1,80.0
natural activewear fabrics,2026-03-30,1,80.0
natural fibers,2025-12-15,1,80.0
natural fibers,2026-03-16,1,80.0
natural grain leather,2026-03-23,1,85.0
needles,2025-09-29,1,95.0
needles,2025-10-27,1,90.0
neil barrett,2026-03-30,1,75.0
neiman marcus,2026-03-30,1,80.0
neutral colors,2026-03-30,1,70.0
neutrals,2026-03-30,1,80.0
new balance,2025-06-09,1,95.0
new balance,2026-04-06,2,91.0
new balance trainers,2026-03-23,1,70.0
new era,2026-04-06,1,85.0
night indigo,2026-04-06,1,80.0
nike,2025-06-23,1,80.0
nike,2025-07-21,1,80.0
nike,2025-09-08,1,95.0
nike,2026-03-16,2,87.5
nike,2026-03-23,2,90.0
nike,2026-03-30,7,77.14
nike,2026-04-06,12,87.92
nike air 59 (f),2025-07-07,1,70.0
nike air force 1,2026-04-06,2,87.5
nike air force 1 low cow print,2026-04-06,1,95.0
nike air max 95,2026-04-06,1,95.0
nike air max plus,2026-04-06,1,95.0
nike ava rover,2026-04-06,1,95.0
nike dunk low 'passport pack - argon',2026-04-06,1,95.0
"nike dunk low pro sb ""tiffany""",2026-03-16,1,95.0
nike dunk lows,2025-06-23,1,95.0
nike dunks,2025-09-15,1,90.0
nike hyperdunk pe,2026-04-06,1,80.0
nike kobe protro,2026-04-06,1,95.0
nike mags,2025-05-12,1,95.0
nike moon shoe,2026-04-06,1,85.0
nike pegasus 42,2026-04-06,1,95.0
nike sb,2026-03-09,1,95.0
nike sb chunky dunky,2020-05-18,1,95.0
nike trainers,2026-03-23,1,70.0
nolita,2026-04-06,1,70.0
nomasei,2026-04-06,1,95.0
non-sneakers,2026-04-06,1,70.0
nostalgic aesthetic,2026-04-06,1,80.0
ny-inspired sweat sets,2026-04-06,1,85.0
nylon,2026-03-30,1,95.0
nylon guys,2026-03-30,1,95.0
nylon jacket,2026-04-06,1,75.0
oakley,2026-03-23,1,90.0
off white,2025-09-08,1,95.0
off white,2026-04-06,1,80.0
off-white,2024-12-16,1,95.0
off-white,2026-03-23,2,95.0
off-white,2026-04-06,1,80.0
off-white icons,2026-03-23,1,85.0
office dress code,2026-04-06,1,60.0
og bred 4s,2026-03-09,1,95.0
oil pattern summer dress,2026-04-06,1,70.0
okayama denim,2025-09-15,1,95.0
old navy,2026-04-06,2,75.0
olive green,2026-03-16,1,80.0
on shoes,2026-03-30,1,80.0
oncloud,2025-12-29,1,95.0
oni kase,2026-01-12,1,70.0
optimistic,2026-03-30,1,70.0
orange,2026-03-02,1,80.0
orange,2026-03-30,1,80.0
orange,2026-04-06,1,80.0
organic cotton,2026-02-16,1,80.0
organic/natural fiber clothing,2025-11-17,1,80.0
orslow,2026-01-19,1,95.0
oversized fit,2026-04-06,1,80.0
oversized shirt,2026-04-06,1,80.0
oversized tee,2026-01-26,1,80.0
oversized tees,2025-05-05,1,95.0
oxford docs,2020-09-07,1,95.0
paisley,2026-04-06,1,70.0
palace,2026-04-06,1,90.0
palazzo jeans,2026-04-06,1,80.0
pants,2020-11-16,1,80.0
pants,2026-01-05,1,80.0
pants,2026-03-09,1,70.0
pants,2026-04-06,1,70.0
parisian pink,2026-03-30,1,80.0
party dresses,2026-03-30,1,70.0
pastel,2026-03-23,1,80.0
pastels,2026-04-06,1,75.0
patagonia baggies,2025-06-23,1,80.0
patek philippe,2026-03-30,1,90.0
patent leather surfaces,2026-04-06,1,60.0
patterns,2025-06-02,1,70.0
paul a. sperry,2026-04-06,1,75.0
payless,2018-11-26,1,70.0
peggy page strawberry dress,2025-07-14,1,95.0
peptide,2026-03-30,1,85.0
perfect angel eau de parfum,2026-04-06,1,90.0
performance styles,2026-04-06,1,80.0
petra platform,2026-04-06,1,70.0
petticoat,2026-02-09,1,70.0
phoebe philo,2026-04-06,1,70.0
pimple patches,2026-04-06,1,80.0
pin-straight tendrils,2026-03-30,1,70.0
pink,2023-03-20,1,95.0
pink,2025-11-03,1,95.0
pink,2026-03-23,1,70.0
pink,2026-04-06,1,75.0
pink and camo combo,2025-11-17,1,80.0
pink city prints,2026-03-23,1,95.0
pisces rising,2026-04-06,1,70.0
pj sets,2026-03-23,1,80.0
plaid,2025-11-03,1,80.0
plaid shirt,2025-12-01,1,80.0
plastic headbands,2026-03-30,1,70.0
platinum,2025-11-10,1,80.0
playful prints,2026-03-23,1,85.0
playsuit,2026-03-09,1,95.0
pleated miniskirt,2026-04-06,1,80.0
plus-size clothing,2026-04-06,1,90.0
pockets,2026-03-02,1,70.0
pointed flats,2026-03-16,1,70.0
polerouter,2026-04-06,1,85.0
polo shirts,2025-10-06,1,95.0
polo shirts,2026-04-06,1,95.0
polyester,2025-06-02,1,60.0
polyester,2025-09-08,1,95.0
polyester,2026-03-23,1,70.0
polyester,2026-04-06,2,82.5
pony hair,2026-04-06,1,80.0
ponyhair,2026-03-30,1,92.0
power dressing,2026-04-06,1,70.0
prada,2025-04-07,1,95.0
prada ensembles,2026-04-06,1,80.0
proleta re art,2025-06-23,1,80.0
pronto x iron heart,2025-06-16,1,95.0
ps2 style,2025-08-25,1,70.0
puffer leather sandals,2026-04-06,1,90.0
puig,2026-04-06,1,95.0
puma,2026-04-06,4,82.5
puma speedcat ballet flats,2026-04-06,1,80.0
puma speedcat evolution,2026-04-06,1,95.0
puma speedcat mule,2026-04-06,2,85.0
puma speedcat wedges,2026-04-06,1,80.0
puma tyrese haliburton pes,2026-04-06,1,90.0
puma x jil sander,2026-04-06,1,90.0
puma x jil sander k-street suede,2026-04-06,1,88.0
punk,2026-04-06,1,80.0
purse,2026-01-19,1,70.0
purses,2026-04-06,1,95.0
quince,2026-04-06,1,90.0
r4,2025-08-25,1,60.0
rachel comey,2026-04-06,2,80.0
racing-inspired,2026-04-06,1,85.0
radioactive green,2026-03-09,1,95.0
raffia bags,2026-04-06,1,85.0
rainbow brite,2026-04-06,1,80.0
raincoat jacket,2025-08-18,1,95.0
raw denim,2025-09-01,1,95.0
raw denim,2025-10-20,1,80.0
raw denim,2026-01-05,1,80.0
raw denim,2026-03-30,1,80.0
rayon,2025-09-08,1,95.0
reactx soles,2026-04-06,1,80.0
ready-to-wear,2026-03-23,1,85.0
ready-to-wear,2026-04-06,2,75.0
recycled polyester,2026-03-16,1,80.0
red,2026-03-16,1,70.0
red,2026-03-23,1,80.0
red,2026-04-06,2,72.5
reddish-brown,2026-03-23,1,75.0
reebok,2026-04-06,1,85.0
reebok x playstation,2025-09-29,1,95.0
reeboks,2025-06-02,1,80.0
reese forbes,2025-05-05,1,70.0
"refined, elevated visual identity",2026-04-06,1,80.0
relaxed california sensibility,2026-03-30,1,80.0
relaxed silhouette,2026-03-23,1,80.0
renfold,2026-03-30,1,95.0
reply,2026-04-06,1,75.0
resortwear,2026-03-30,1,85.0
retro casual sportswear,2026-04-06,1,85.0
retro jordans,2026-04-06,1,75.0
reversible watches,2026-04-06,1,80.0
revolve,2026-03-30,1,70.0
rhode,2026-04-06,1,90.0
rich brown,2026-04-06,1,70.0
ripstop,2026-03-30,1,60.0
romantic corded lace,2026-04-06,1,80.0
round jeans,2026-04-06,1,80.0
ruffle,2026-04-06,1,70.0
ruffles,2026-04-06,1,60.0
ruslan baginskiy hats,2026-03-30,1,80.0
s/lab phantasm 3,2026-04-06,1,95.0
saie,2026-03-30,1,90.0
sailing gear jackets,2026-03-30,1,80.0
saks fifth avenue,2026-03-30,1,80.0
salomon,2026-04-06,1,90.0
salvatore ferragamo shoes,2025-06-30,1,80.0
samba sneaker,2026-04-06,1,95.0
sandals,2026-04-06,1,70.0
sanori,2026-04-06,1,80.0
sapphire,2025-11-10,1,80.0
sateen,2026-04-06,1,80.0
saucony,2025-06-09,1,95.0
savage x fenty,2026-03-30,1,80.0
savage x fenty,2026-04-06,1,95.0
sci-fi aesthetic,2025-07-14,1,60.0
scrap fabrics,2026-01-19,1,80.0
scrunchie,2026-04-06,1,80.0
scrunchies,2026-03-23,1,75.0
sculptural,2026-03-30,2,85.0
sculptural pieces,2026-03-30,1,85.0
seamless silhouettes,2026-04-06,1,60.0
secondhand clothing,2025-05-12,1,95.0
secondhand japanese clothing,2026-03-23,1,95.0
selima optique,2026-03-30,1,90.0
selvedge,2026-01-12,1,60.0
selvedge,2026-03-02,1,85.0
selvedge denim,2025-12-29,1,70.0
selvedge jeans,2025-09-08,1,70.0
selvedge jeans,2026-01-05,1,95.0
selvedge jeans,2026-02-02,1,85.0
selvedge jeans,2026-04-06,1,80.0
selvedge shorts,2025-06-09,1,80.0
selvedge wallet,2026-01-12,1,80.0
sephora,2026-03-30,1,90.0
sequins,2026-04-06,2,65.0
sets,2025-07-07,1,70.0
shearling,2026-03-30,1,85.0
shearling coat,2026-03-16,1,80.0
sheep sweater,2026-03-09,1,80.0
sheer floral,2026-04-06,1,80.0
shein,2026-03-23,1,70.0
shein,2026-04-06,1,95.0
shelter halves,2018-02-19,1,70.0
shimmering pink powder blush,2026-03-23,1,90.0
shirred sleeveless top-and-midi-skirt co-ords,2026-04-06,1,70.0
shirt,2025-04-14,1,70.0
shirt,2025-07-14,1,70.0
shirt,2025-09-29,1,80.0
shirt,2025-10-27,1,70.0
shirt,2026-02-16,1,70.0
shirts,2025-12-01,1,80.0
shirts,2026-04-06,2,70.0
shoe collection,2025-12-08,1,70.0
shoe stocks,2026-04-06,1,70.0
shoes,2017-05-01,1,70.0
shoes,2020-08-24,1,80.0
shoes,2021-01-25,1,70.0
shoes,2025-04-14,1,95.0
shoes,2025-06-16,1,70.0
shoes,2025-08-11,1,70.0
shoes,2026-04-06,2,70.0
shop julietta llc,2026-03-30,1,95.0
short sleeve t-shirt,2026-04-06,1,65.0
shorts,2026-04-06,1,60.0
shoulder bags,2026-04-06,1,80.0
silhouettes,2026-04-06,1,75.0
silk,2026-03-23,1,90.0
silk,2026-03-30,1,70.0
silk dress,2026-04-06,1,80.0
silk zimmermann mini dresses,2026-03-30,1,70.0
silver,2026-04-06,1,90.0
silver metallic,2026-04-06,1,80.0
silvery,2026-04-06,1,80.0
single palette,2026-04-06,1,75.0
six versatile shades,2026-04-06,1,80.0
skims,2026-03-30,2,87.5
skinny jeans,2023-02-20,1,70.0
skinny jeans,2026-04-06,2,75.0
skirt,2021-01-04,1,80.0
skirt,2025-07-07,1,70.0
skirt,2025-10-13,1,80.0
skirt,2026-03-16,1,70.0
skirt,2026-04-06,2,70.0
skirt suits,2026-03-30,1,70.0
sleek flats,2026-04-06,1,80.0
slouch,2025-10-13,1,60.0
slub,2025-09-15,1,85.0
smart casual,2026-04-06,1,80.0
smint smuggler jacket,2026-03-23,1,80.0
smooth leather loafer,2026-04-06,1,95.0
sneaker pendant,2026-04-06,1,85.0
sneakers,2017-05-29,1,80.0
sneakers,2025-04-14,1,70.0
sneakers,2025-05-19,1,95.0
sneakers,2025-06-02,1,80.0
sneakers,2025-09-01,1,95.0
sneakers,2026-02-09,2,82.5
sneakers,2026-03-09,1,90.0
sneakers,2026-03-16,1,70.0
sneakers,2026-03-23,1,95.0
sneakers,2026-04-06,3,90.0
snkrs,2020-08-24,1,70.0
snoafers,2026-04-06,1,80.0
soft leather,2026-04-06,1,85.0
soft n savage,2026-04-06,1,75.0
soft palm motif,2026-03-23,1,80.0
solids,2025-06-02,1,60.0
spacious shoulder bags,2026-04-06,1,70.0
spandex,2025-10-27,1,70.0
spandex jeans,2025-10-27,1,80.0
sparkly pastel mini,2026-03-30,1,70.0
sparkly unicorn purse,2025-03-10,1,95.0
speedcat,2026-04-06,1,90.0
spier & mackay,2025-05-26,1,80.0
splatter embroidery,2021-01-25,1,70.0
sport collection,2026-04-06,1,85.0
sportswear,2026-04-06,1,70.0
spring/summer 2026 collection,2026-04-06,1,85.0
spring/summer shoes,2026-03-16,1,70.0
statement jewelry,2026-03-30,1,80.0
statement pieces,2025-06-09,1,60.0
steelbanger,2025-10-27,1,70.0
straight jeans,2026-04-06,1,80.0
straight tapered jeans,2026-01-05,1,85.0
strapless collection,2026-04-06,1,80.0
strapless maxidress,2026-04-06,1,80.0
straps,2026-04-06,1,70.0
street wear,2025-12-08,1,70.0
streetwear,2017-06-05,1,70.0
streetwear,2021-11-08,1,80.0
streetwear,2025-04-21,1,80.0
streetwear,2026-01-19,1,70.0
streetwear,2026-04-06,8,79.38
streetwear brand,2026-04-06,1,85.0
streetwear brands,2026-04-06,1,80.0
streetwear clothes,2026-04-06,1,80.0
streetwear shoes,2026-04-06,1,95.0
stretch pants,2026-04-06,1,80.0
striped nail designs,2026-03-30,1,95.0
stripes,2025-06-02,1,60.0
strong accessories,2026-04-06,1,75.0
styles inspired by carolyn bessette,2026-03-30,1,75.0
suede,2026-04-06,3,80.0
suit,2025-08-25,1,70.0
suit,2026-01-05,1,70.0
suit/blazer,2026-03-30,1,80.0
suits,2025-08-04,1,70.0
suits,2026-03-30,1,80.0
summer swim collection,2026-04-06,1,70.0
sunglasses,2026-03-23,1,95.0
sunglasses,2026-03-30,2,87.5
sunglasses,2026-04-06,1,70.0
supreme,2026-03-16,1,90.0
suspenders,2021-01-04,1,70.0
swarovski surprises,2026-04-06,1,70.0
sweat sets,2026-04-06,1,60.0
sweater,2025-05-19,1,70.0
sweater,2026-03-09,1,95.0
sweatpants,2026-04-06,1,70.0
sweatshirt,2024-12-16,1,70.0
swim shorts,2026-04-06,1,70.0
swimwear,2026-03-16,1,80.0
swimwear,2026-04-06,3,73.33
swishy windbreakers,2026-04-06,1,80.0
sylvie ballet flat,2026-04-06,1,80.0
system-based dressing,2026-04-06,1,70.0
t shirt,2025-06-16,1,80.0
t-shirt,2025-06-09,1,80.0
t-shirt,2026-04-06,1,95.0
t-shirt over a long sleeve shirt,2026-03-16,1,70.0
t-shirts,2025-05-12,1,70.0
t-strap,2026-04-06,1,70.0
tabby,2026-04-06,1,70.0
taco bell,2026-04-06,1,90.0
tall boots,2025-11-10,1,95.0
tank top,2026-02-16,1,90.0
tank tops,2026-04-06,1,70.0
tanner leatherstein,2026-03-23,1,80.0
tap shoe black,2026-03-30,1,75.0
tapestry,2026-04-06,1,70.0
tech wear,2025-06-02,1,70.0
technical flats,2026-03-30,1,80.0
techwear,2025-05-12,1,95.0
techy sneaker,2026-04-06,1,85.0
tee shirt,2026-03-23,1,80.0
tees,2025-05-26,1,70.0
teri,2026-04-06,1,70.0
textile paint,2025-06-09,1,80.0
the devil wears prada bangs,2026-04-06,1,70.0
third-store clothes,2025-06-09,1,70.0
thorsun,2026-03-30,1,95.0
three-stripe t-shirt,2026-04-06,1,90.0
tie,2021-02-08,1,70.0
tiffany earrings,2026-03-30,1,80.0
tights,2026-02-16,1,60.0
tiktok dress,2026-03-23,1,70.0
timberland,2026-04-06,2,80.0
timeless aesthetic,2026-04-06,1,75.0
timeless silhouettes,2026-03-30,1,85.0
tommy hilfiger,2026-03-30,1,95.0
tops,2025-06-09,1,70.0
tortoises,2026-03-30,1,80.0
tory burch,2026-04-06,1,90.0
track pant,2026-04-06,1,80.0
trainer,2026-04-06,1,85.0
transition lenses,2026-04-06,1,95.0
travel,2026-03-30,1,75.0
travis,2026-03-30,1,95.0
travis 1,2026-03-30,1,95.0
trefoil logo,2026-04-06,1,85.0
trenchcoat,2026-01-05,1,90.0
trinkety accessories,2026-04-06,1,60.0
trucker hat,2025-09-01,1,80.0
tuckernuck,2026-03-30,1,95.0
tulip print dress,2026-03-16,1,80.0
turquoise,2026-04-06,1,60.0
turtleneck,2025-10-20,1,70.0
two-piece sets,2026-04-06,1,80.0
ultra violette,2026-03-30,1,90.0
uma clog,2026-04-06,1,70.0
underwear,2026-04-06,1,70.0
union jack bomber,2026-04-06,1,95.0
uniqlo,2025-05-19,1,80.0
uniqlo,2025-09-29,1,95.0
uniqlo,2025-10-27,1,90.0
uniqlo,2026-03-23,1,90.0
united blue,2026-04-06,1,85.0
universal genève,2026-04-06,2,92.5
untucked shirts,2026-04-06,1,80.0
upcycled clothes,2025-04-28,1,80.0
upcycled floral jeans,2025-06-09,1,95.0
upholstery fabric,2026-01-12,1,70.0
urban outfitters,2026-04-06,1,70.0
urban revivo,2026-03-23,1,95.0
urban streetwear,2026-04-06,1,80.0
v.a.a,2026-03-23,1,95.0
vacation sneakers,2026-03-16,1,95.0
valentino,2026-04-06,1,95.0
vans,2018-01-22,1,95.0
vans,2025-06-09,1,95.0
vans,2026-04-06,2,65.0
vans authentic 44,2026-04-06,1,95.0
vans half cab 33,2026-04-06,1,95.0
versace,2025-04-07,1,95.0
versace,2026-04-06,1,95.0
vestido estampado,2026-04-06,1,70.0
vestido marrom,2026-04-06,1,70.0
victoria's secret,2026-04-06,2,90.0
victoria's secret fashion show,2026-03-30,1,95.0
victorian dresses,2025-11-17,1,95.0
viking fashion,2020-12-14,1,70.0
vintage,2025-12-29,1,95.0
vintage,2026-03-30,1,70.0
vintage,2026-04-06,1,70.0
vintage dream wedding dress,2025-06-16,1,95.0
vintage dress,2025-10-20,1,95.0
vintage dress,2025-10-27,1,80.0
vintage dress,2026-03-23,1,80.0
vintage sheet,2026-04-06,1,80.0
vintage skirt,2025-09-01,1,80.0
vintage tombi coat,2025-05-05,1,80.0
vintage-inspired,2026-03-30,1,85.0
vintage-inspired short-sleeve t-shirts,2026-04-06,1,90.0
virgin wool,2026-04-06,1,80.0
visually driven storytelling,2026-03-30,1,80.0
visvim,2025-06-30,1,95.0
visvim,2026-01-19,1,95.0
void pkg01 watch,2026-04-06,1,80.0
voluminous design,2026-04-06,1,70.0
vuori,2026-03-30,1,95.0
vuori,2026-04-06,2,87.5
wales bonner,2026-04-06,1,75.0
walk away dress,2026-04-06,1,70.0
washed denim,2026-03-23,1,75.0
washed denim,2026-04-06,1,85.0
waxed denim,2025-10-27,1,80.0
wedding attire,2026-02-02,1,70.0
wedding bands,2026-04-06,1,95.0
wedding dress,2024-08-19,1,80.0
wedding dress,2025-06-23,1,80.0
wedding dress,2026-02-02,1,80.0
wedding guest dress,2026-04-06,1,95.0
well-dressed,2026-03-30,1,80.0
wes anderson,2025-10-06,1,80.0
wes anderson aesthetic,2026-04-06,1,80.0
west elm,2026-03-30,1,80.0
western fringe,2026-04-06,1,80.0
wet cement jordan 4,2025-11-10,1,95.0
wheat,2026-04-06,1,80.0
wheelchair,2023-04-03,1,70.0
white,2025-10-20,1,60.0
white,2026-03-09,1,75.0
white,2026-03-23,1,85.0
white,2026-04-06,1,70.0
white button down shirt,2026-03-23,1,70.0
white cements,2026-03-16,1,95.0
white dress,2026-03-09,1,95.0
white linen shirt,2026-04-06,1,80.0
white shirt,2019-10-07,1,70.0
white sneakers,2025-05-26,1,80.0
white sneakers,2026-04-06,1,80.0
white summer dress,2026-03-23,1,80.0
white-and-red,2026-04-06,1,75.0
wide shoes,2026-04-06,1,70.0
wide straight fit jeans,2025-12-29,1,95.0
women's dress,2025-12-08,1,80.0
wool sneakers,2026-03-30,1,95.0
wool vest,2026-02-23,1,80.0
work jeans,2026-04-06,1,80.0
work pants,2026-01-26,1,80.0
work shirt,2025-11-10,1,80.0
workwear,2026-03-30,1,90.0
workwear,2026-04-06,1,70.0
worn-in denim,2026-04-06,1,80.0
woven leather jacket,2026-01-19,1,95.0
ww2 vintage military duffle bags,2026-01-05,1,90.0
wwii type 1,2025-12-29,1,60.0
y2k,2026-03-30,2,80.0
yeezys,2016-10-24,1,80.0
yeezys,2025-09-22,1,80.0
yellow outfit,2026-03-30,1,70.0
yohji yamamoto,2025-12-22,1,95.0
yohji yamamoto,2026-04-06,1,60.0
youswim fabric,2025-05-19,1,95.0
zara,2026-03-23,2,82.5
zara,2026-04-06,1,95.0
